Fund Name,P1,P2,P3,P4,P5,Topsis Score,Rank
M1,0.7,0.49,3.8,58.1,15.77,0.6074178489107912,4
M2,0.77,0.59,6.9,50.9,14.79,0.4479932695530814,1
M3,0.92,0.85,6.4,48.9,14.27,0.5318441234209401,8
M4,0.69,0.48,3.7,66.2,17.77,0.6885218282110992,3
M5,0.82,0.67,5.6,44.3,12.85,0.4036180526011817,2
M6,0.63,0.4,3.3,40.2,11.13,0.33614989570219245,5
M7,0.88,0.77,6.2,32.2,10.01,0.3086647557791231,6
M8,0.66,0.44,6.6,67.6,18.83,0.6052236096110403,7
